{"cameraMode":{"drawMode":0,"name":"Shaded","section":"Shading Mode"},"sceneLighting":true,"audioPlay":false,"sceneViewState":{"showFog":true,"showMaterialUpdate":false,"showSkybox":true,"showFlares":true,"showImageEffects":true,"showParticleSystems":true,"showVisualEffectGraphs":true,"m_FxEnabled":true},"in2DMode":false,"pivot":{"x":-0.27000001072883608,"y":0.2894667387008667,"z":0.293194055557251},"rotation":{"x":0.15237504243850709,"y":0.8449141383171082,"z":-0.3238270580768585,"w":0.3975566029548645},"size":1.2846291065216065,"orthographic":false}