{"cameraMode":{"drawMode":0,"name":"Shaded","section":"Shading Mode"},"sceneLighting":true,"audioPlay":false,"sceneViewState":{"showFog":true,"showMaterialUpdate":false,"showSkybox":true,"showFlares":true,"showImageEffects":true,"showParticleSystems":true,"showVisualEffectGraphs":true,"m_FxEnabled":true},"in2DMode":false,"pivot":{"x":0.17528772354125977,"y":0.5594344139099121,"z":1.8797581195831299},"rotation":{"x":0.2643079161643982,"y":0.23431240022182465,"z":-0.06635872274637222,"w":0.9331916570663452},"size":2.0660252571105959,"orthographic":false}