{"cameraMode":{"drawMode":0,"name":"Shaded","section":"Shading Mode"},"sceneLighting":true,"audioPlay":false,"sceneViewState":{"showFog":true,"showMaterialUpdate":false,"showSkybox":true,"showFlares":true,"showImageEffects":true,"showParticleSystems":true,"showVisualEffectGraphs":true,"m_FxEnabled":true},"in2DMode":false,"pivot":{"x":218.43914794921876,"y":117.38089752197266,"z":-33.470184326171878},"rotation":{"x":0.15459012985229493,"y":0.7705495357513428,"z":-0.20407342910766602,"w":0.5837056636810303},"size":323.15216064453127,"orthographic":false}