{"cameraMode":{"drawMode":0,"name":"Shaded","section":"Shading Mode"},"sceneLighting":true,"audioPlay":false,"sceneViewState":{"showFog":true,"showMaterialUpdate":false,"showSkybox":true,"showFlares":true,"showImageEffects":true,"showParticleSystems":true,"showVisualEffectGraphs":true,"m_FxEnabled":true},"in2DMode":false,"pivot":{"x":-0.06996619701385498,"y":0.3981003761291504,"z":-0.007686972618103027},"rotation":{"x":0.44505956768989565,"y":0.31344273686408999,"z":-0.1698094755411148,"w":0.8214948773384094},"size":2.4378273487091066,"orthographic":false}