{"cameraMode":{"drawMode":0,"name":"Shaded","section":"Shading Mode"},"sceneLighting":false,"audioPlay":false,"sceneViewState":{"showFog":true,"showMaterialUpdate":false,"showSkybox":false,"showFlares":true,"showImageEffects":true,"showParticleSystems":true,"showVisualEffectGraphs":true,"m_FxEnabled":true},"in2DMode":false,"pivot":{"x":0.17528772354125977,"y":0.5594344139099121,"z":1.8797581195831299},"rotation":{"x":0.15237504243850709,"y":0.8449141383171082,"z":-0.3238270580768585,"w":0.3975566029548645},"size":0.17320510745048524,"orthographic":false}